Workbook

Sheet Pipeline Health Dashboard
A1: Iteration | B1: Processed Count | C1: Hard Failures | D1: GT20 Ratio | E1: GT10 Ratio | F1: Status
A2: v1 | B2: 11000 | C2: 0 | D2: 0.0265 | E2: 0.0654 | F2: =IF(OR(C2>0,D2>0.01,E2>0.05),"FAIL","PASS")
A3: v2 | B3: 11000 | C3: 0 | D3: 0.0263 | E3: 0.065 | F3: =IF(OR(C3>0,D3>0.01,E3>0.05),"FAIL","PASS")
A4: v3 | B4: 11000 | C4: 1 | D4: 0.0263 | E4: 0.0655 | F4: =IF(OR(C4>0,D4>0.01,E4>0.05),"FAIL","PASS")

Sheet The Stubborn Outliers
A1: Source ID | B1: Product Name | C1: Score Delta (v1) | D1: Score Delta (v3) | E1: Is Constant?
A2: 80053301 | C2: -38.89 | D2: -38.89 | E2: =ABS(C2-D2)<1
A3: 80079782 | C3: -38.89 | D3: -38.89 | E3: =ABS(C3-D3)<1
A4: 80076558 | C4: -38.69 | D4: -38.69 | E4: =ABS(C4-D4)<1
A5: 80080790 | C5: -38.67 | D5: -38.67 | E5: =ABS(C5-D5)<1
A6: 80007555 | C6: 37.84 | D6: 37.84 | E6: =ABS(C6-D6)<1
A7: 80018325 | C7: 37.84 | D7: 37.84 | E7: =ABS(C7-D7)<1
A8: 80005954 | C8: 37.83 | D8: 37.83 | E8: =ABS(C8-D8)<1
A9: 80050775 | C9: 37.13 | D9: 37.13 | E9: =ABS(C9-D9)<1
A10: 80050778 | C10: 37.13 | D10: 37.13 | E10: =ABS(C10-D10)<1
A11: 80095507 | C11: 37.13 | D11: 37.13 | E11: =ABS(C11-D11)<1
A12: 80045890 | C12: 37.13 | D12: 37.13 | E12: =ABS(C12-D12)<1
A13: 80050777 | C13: 37.13 | D13: 37.13 | E13: =ABS(C13-D13)<1
... A51: 80056969 | C51: -25.47 | D51: -25.47 | E51: =ABS(C51-D51)<1

Sheet _raw_deltas
A1: overallDelta
A2: -38.89
A3: -38.89
A4: -38.69
A5: -38.67
A6: 37.84
A7: 37.84
A8: 37.83
A9: 37.13
A10: 37.13
A11: 37.13
A12: 37.13
A13: 37.13
... A51: -25.47

Sheet Score Cliff Analysis
A1: Delta Value | B1: Count | C1: Percentage | D1: Potential Cause
A2: 37.13 | B2: =COUNTIF(_raw_deltas!$A:$A, A2) | C2: =IF(SUM($B$2:$B$22)=0,0,B2/SUM($B$2:$B$22))
A3: -25.47 | B3: =COUNTIF(_raw_deltas!$A:$A, A3) | C3: =IF(SUM($B$2:$B$22)=0,0,B3/SUM($B$2:$B$22))
A4: -38.89 | B4: =COUNTIF(_raw_deltas!$A:$A, A4) | C4: =IF(SUM($B$2:$B$22)=0,0,B4/SUM($B$2:$B$22))
A5: 37.84 | B5: =COUNTIF(_raw_deltas!$A:$A, A5) | C5: =IF(SUM($B$2:$B$22)=0,0,B5/SUM($B$2:$B$22))
A6: -36.44 | B6: =COUNTIF(_raw_deltas!$A:$A, A6) | C6: =IF(SUM($B$2:$B$22)=0,0,B6/SUM($B$2:$B$22))
A7: 36.3 | B7: =COUNTIF(_raw_deltas!$A:$A, A7) | C7: =IF(SUM($B$2:$B$22)=0,0,B7/SUM($B$2:$B$22))
A8: -36.21 | B8: =COUNTIF(_raw_deltas!$A:$A, A8) | C8: =IF(SUM($B$2:$B$22)=0,0,B8/SUM($B$2:$B$22))
A9: -38.69 | B9: =COUNTIF(_raw_deltas!$A:$A, A9) | C9: =IF(SUM($B$2:$B$22)=0,0,B9/SUM($B$2:$B$22))
A10: -38.67 | B10: =COUNTIF(_raw_deltas!$A:$A, A10) | C10: =IF(SUM($B$2:$B$22)=0,0,B10/SUM($B$2:$B$22))
A11: 37.83 | B11: =COUNTIF(_raw_deltas!$A:$A, A11) | C11: =IF(SUM($B$2:$B$22)=0,0,B11/SUM($B$2:$B$22))
A12: -37.13 | B12: =COUNTIF(_raw_deltas!$A:$A, A12) | C12: =IF(SUM($B$2:$B$22)=0,0,B12/SUM($B$2:$B$22))
A13: -36.67 | B13: =COUNTIF(_raw_deltas!$A:$A, A13) | C13: =IF(SUM($B$2:$B$22)=0,0,B13/SUM($B$2:$B$22))
... A22: 25.53 | B22: =COUNTIF(_raw_deltas!$A:$A, A22) | C22: =IF(SUM($B$2:$B$22)=0,0,B22/SUM($B$2:$B$22))

Sheet Data Hygiene
A1: Failure Type | B1: Impacted Source ID | C1: Action
A2: Source ID Not Found (需立即清洗) | B2: 80015047 | C2: Delete from Input JSON
